-0.97604,-0.97048,-0.95413,-0.9834,-0.95559,-0.99937,-0.97848,0.1302,-0.028036,-0.583,-0.61253,-0.61873,-0.63232,-0.87752,0,0.0449,0.043144,0.072015,0.039119,0.055522,0.0006294,0.030433,0.54211,0.48628,0.29977,0.2811,0.33425,0.36448,0.13776,0,0,0,0,0,0,0,0,0,0,0,0,0,0,0,0,0,0,0,0,0
-0.68997,-0.95335,-0.89087,-0.96304,-0.91539,-0.99377,-0.98425,-0.58045,-0.83984,-0.91426,-0.94349,-0.9562,-0.94261,-0.98529,0,0.26022,0.046842,0.13634,0.032281,0.12357,0.0076695,0.018973,0.18981,0.12351,0.072305,0.046534,0.050449,0.053723,0.013292,0,0,0,0,0,0,0,0,0,0,0,0,0,0,0,0,0,0,0,0,0
-0.58839,-0.76367,-0.87632,-0.86058,-0.91528,-0.97317,-0.97165,0.035275,-0.40743,-0.68785,-0.7643,-0.86904,-0.85101,-0.91782,0,0.51128,0.36389,0.095452,0.17633,0.057671,0.051493,0.030799,0.45481,0.28183,0.24233,0.25187,0.097222,0.13165,0.12531,0,0,0,0,0,0,0,0,0,0,0,0,0,0,0,0,0,0,0,0,0
-0.99257,-0.99692,-0.98932,-0.99653,-0.99058,-0.99842,-0.99466,-0.85873,-0.94519,-0.97234,-0.98437,-0.98608,-0.98789,-0.99567,0,0.0088956,0.0040777,0.016214,0.005684,0.0083085,0.0010877,0.0071505,0.080064,0.044491,0.017028,0.013254,0.0168,0.011321,0.0058618,0,0,0,0,0,0,0,0,0,0,0,0,0,0,0,0,0,0,0,0,0
-0.9741,-0.99034,-0.95449,-0.98043,-0.96837,-0.99846,-0.98419,0.070002,-0.094955,-0.41244,-0.60204,-0.66339,-0.55925,-0.82737,0,0.037911,0.010852,0.069521,0.03713,0.032861,0.0022544,0.026077,0.55471,0.54021,0.29387,0.23656,0.18154,0.27335,0.15068,0,0,0,0,0,0,0,0,0,0,0,0,0,0,0,0,0,0,0,0,0
-0.37112,-0.51945,-0.4005,-0.63473,-0.46255,-0.64531,-0.89479,-0.4271,-0.75748,-0.90966,-0.85588,-0.94238,-0.94325,-0.98013,0,0.39643,0.45049,0.53296,0.43455,0.28693,0.33229,0.073248,0.33192,0.20716,0.06823,0.14418,0.064844,0.042447,0.018136,0,0,0,0,0,0,0,0,0,0,0,0,0,0,0,0,0,0,0,0,0
-0.84599,-0.97993,-0.98149,-0.9577,-0.99033,-0.99915,-0.9957,-0.39781,-0.63678,-0.75928,-0.82583,-0.89787,-0.91778,-0.95924,0,0.15376,0.027418,0.014802,0.0997,0.0087241,0.0010931,0.006026,0.4908,0.32931,0.25678,0.19624,0.18334,0.06416,0.038565,0,0,0,0,0,0,0,0,0,0,0,0,0,0,0,0,0,0,0,0,0
-0.23567,-0.50798,-0.61475,-0.75005,-0.62991,-0.91048,-0.91016,-0.64057,-0.79539,-0.85483,-0.92001,-0.94507,-0.90297,-0.97326,0,0.54527,0.46738,0.29499,0.30619,0.21087,0.12387,0.083733,0.28733,0.1287,0.12134,0.049741,0.078581,0.083,0.03511,0,0,0,0,0,0,0,0,0,0,0,0,0,0,0,0,0,0,0,0,0
-0.54338,-0.73936,-0.86519,-0.92159,-0.8408,-0.97322,-0.97586,0.46886,0.02439,-0.24202,-0.30302,-0.55997,-0.64021,-0.571,0,0.38551,0.2522,0.12906,0.070863,0.11663,0.040593,0.020939,0.32425,0.45992,0.43558,0.32668,0.2681,0.27192,0.37335,0,0,0,0,0,0,0,0,0,0,0,0,0,0,0,0,0,0,0,0,0
0.64219,0.075518,0.35734,0.017494,0.25701,-0.32189,-0.62525,-0.65535,-0.69453,-0.91264,-0.95191,-0.93127,-0.96913,-0.9694,0,0.52772,0.68456,0.45703,0.62139,0.50611,0.50179,0.2484,0.35915,0.36988,0.070394,0.057661,0.05856,0.027644,0.036588,0,0,0,0,0,0,0,0,0,0,0,0,0,0,0,0,0,0,0,0,0
-0.97108,-0.98559,-0.94313,-0.98144,-0.95202,-0.99586,-0.9787,0.60041,0.56413,0.27327,0.091376,0.065657,0.1302,-0.38111,0,0.055104,0.01854,0.10649,0.044315,0.044165,0.0078674,0.025977,0.27929,0.29858,0.35249,0.31246,0.32943,0.38947,0.31822,0,0,0,0,0,0,0,0,0,0,0,0,0,0,0,0,0,0,0,0,0
-0.41256,-0.90645,-0.91615,-0.81654,-0.9763,-0.99316,-0.99279,-0.56906,-0.84041,-0.94224,-0.94293,-0.96624,-0.96065,-0.98529,0,0.43858,0.15058,0.066557,0.4416,0.020152,0.011457,0.0093643,0.55409,0.10602,0.043023,0.067386,0.033315,0.042564,0.021219,0,0,0,0,0,0,0,0,0,0,0,0,0,0,0,0,0,0,0,0,0
0.61144,0.49635,0.65995,0.33786,0.45272,-0.05274,-0.19997,-0.79701,-0.81119,-0.95249,-0.95929,-0.93519,-0.97686,-0.97327,0,0.69398,0.47434,0.33826,0.58464,0.47105,0.5902,0.31959,0.17063,0.27269,0.055586,0.059468,0.079836,0.024377,0.035392,0,0,0,0,0,0,0,0,0,0,0,0,0,0,0,0,0,0,0,0,0
0.51598,0.38843,0.46631,0.049937,0.20249,-0.44251,-0.67639,-0.75825,-0.92625,-0.95636,-0.98347,-0.97701,-0.9895,-0.99577,0,0.68985,0.48329,0.31398,0.4892,0.4475,0.46289,0.1466,0.40865,0.051152,0.060317,0.015026,0.028499,0.011081,0.0070668,0,0,0,0,0,0,0,0,0,0,0,0,0,0,0,0,0,0,0,0,0
-0.98032,-0.99512,-0.99667,-0.96392,-0.99767,-0.99993,-0.99702,-0.37936,-0.56621,-0.67184,-0.79225,-0.88386,-0.8433,-0.9616,0,0.028806,0.010244,0.0047694,0.10669,0.0035697,6.4097e-05,0.0049387,0.33228,0.35932,0.3142,0.23943,0.15913,0.12876,0.030168,0,0,0,0,0,0,0,0,0,0,0,0,0,0,0,0,0,0,0,0,0
-0.98986,-0.99181,-0.97274,-0.99252,-0.98414,-0.99981,-0.98846,0.31528,0.28771,-0.19436,-0.35385,-0.46983,-0.49259,-0.79886,0,0.01199,0.011127,0.047331,0.017154,0.021797,0.000238,0.018556,0.41642,0.31536,0.40334,0.40938,0.37584,0.39393,0.19637,0,0,0,0,0,0,0,0,0,0,0,0,0,0,0,0,0,0,0,0,0
-0.28598,-0.47539,-0.45822,-0.59851,-0.39914,-0.69336,-0.65931,-0.40143,-0.71624,-0.83315,-0.91315,-0.94635,-0.92635,-0.98286,0,0.54539,0.47266,0.44364,0.45943,0.31152,0.23808,0.47605,0.22883,0.19154,0.10461,0.056732,0.056802,0.064616,0.013661,0,0,0,0,0,0,0,0,0,0,0,0,0,0,0,0,0,0,0,0,0
-0.98043,-0.99041,-0.95442,-0.98162,-0.96547,-0.99793,-0.98234,0.12741,-0.080598,-0.20691,-0.44054,-0.59854,-0.3673,-0.68987,0,0.022929,0.010638,0.063031,0.03618,0.03921,0.0032156,0.034026,0.48279,0.37389,0.3863,0.29675,0.11225,0.25053,0.18864,0,0,0,0,0,0,0,0,0,0,0,0,0,0,0,0,0,0,0,0,0
-0.58325,-0.77384,-0.74464,-0.85323,-0.72026,-0.93141,-0.93766,0.32447,-0.15102,-0.37518,-0.30191,-0.77306,-0.72649,-0.8216,0,0.42829,0.23833,0.27175,0.1839,0.20159,0.082591,0.044159,0.44092,0.53726,0.57335,0.52539,0.1852,0.19576,0.14989,0,0,0,0,0,0,0,0,0,0,0,0,0,0,0,0,0,0,0,0,0
0.91902,0.75731,0.60319,0.64789,0.2859,-0.010735,-0.43318,-0.70381,-0.8761,-0.93569,-0.95606,-0.97015,-0.95728,-0.98614,0,0.1172,0.30545,0.45225,0.33571,0.30717,0.46912,0.39686,0.1748,0.086388,0.038052,0.032347,0.024891,0.042043,0.019604,0,0,0,0,0,0,0,0,0,0,0,0,0,0,0,0,0,0,0,0,0
-0.83771,-0.97135,-0.98009,-0.86219,-0.98834,-0.99925,-0.99437,-0.699,-0.74188,-0.87328,-0.89467,-0.93563,-0.94302,-0.98041,0,0.11188,0.043095,0.012669,0.40943,0.017414,0.00086288,0.0092971,0.17428,0.30378,0.1086,0.13909,0.10646,0.042755,0.019414,0,0,0,0,0,0,0,0,0,0,0,0,0,0,0,0,0,0,0,0,0
0.35809,-0.21793,-0.17219,-0.45235,-0.47138,-0.83065,-0.90588,-0.71444,-0.91147,-0.94818,-0.97967,-0.98261,-0.98896,-0.99493,0,0.69476,0.49855,0.48047,0.45667,0.24719,0.15589,0.056167,0.55773,0.063155,0.062324,0.019182,0.015694,0.010347,0.0062832,0,0,0,0,0,0,0,0,0,0,0,0,0,0,0,0,0,0,0,0,0
-0.48015,-0.62635,-0.71541,-0.85976,-0.7021,-0.97428,-0.92035,-0.64316,-0.70918,-0.63786,-0.85797,-0.93027,-0.85508,-0.90804,0,0.49966,0.40756,0.31119,0.18743,0.25586,0.027123,0.08354,0.232,0.21382,0.36209,0.10761,0.08679,0.11929,0.11907,0,0,0,0,0,0,0,0,0,0,0,0,0,0,0,0,0,0,0,0,0
-0.94811,-0.95548,-0.92724,-0.97147,-0.88726,-0.9741,-0.97351,-0.47021,-0.7703,-0.84622,-0.89874,-0.96734,-0.95528,-0.96281,0,0.061622,0.044959,0.082009,0.05361,0.097192,0.028432,0.018231,0.23557,0.10502,0.14235,0.081078,0.033289,0.03633,0.029577,0,0,0,0,0,0,0,0,0,0,0,0,0,0,0,0,0,0,0,0,0
-0.99449,-0.99352,-0.9682,-0.99683,-0.98604,-0.99873,-0.99632,-0.13989,-0.51728,-0.69975,-0.7603,-0.88535,-0.89906,-0.85189,0,0.0067637,0.0077763,0.061879,0.0058661,0.017979,0.0017205,0.0056124,0.51558,0.24111,0.21609,0.19364,0.067982,0.054344,0.10154,0,0,0,0,0,0,0,0,0,0,0,0,0,0,0,0,0,0,0,0,0
-0.21125,-0.24425,-0.032571,-0.67344,-0.44815,-0.90274,-0.83572,-0.86846,-0.86878,-0.94535,-0.96368,-0.97155,-0.95014,-0.97698,0,0.66757,0.56213,0.53191,0.36468,0.40044,0.10594,0.12534,0.078688,0.13498,0.056628,0.047177,0.030611,0.05472,0.029445,0,0,0,0,0,0,0,0,0,0,0,0,0,0,0,0,0,0,0,0,0
-0.99903,-0.99631,-0.99143,-0.99817,-0.99474,-0.99972,-0.99795,0.17741,-0.059016,-0.16219,-0.18335,-0.53508,-0.39429,-0.44118,0,0.0016315,0.006369,0.0192,0.0046642,0.007677,0.00044969,0.0029501,0.35836,0.38028,0.31657,0.34859,0.28904,0.4117,0.40443,0,0,0,0,0,0,0,0,0,0,0,0,0,0,0,0,0,0,0,0,0
-0.99994,-0.99999,-0.99978,-0.99992,-0.99989,-1,-0.99989,0.14409,-0.20509,-0.10465,-0.32078,-0.56693,-0.61803,-0.65997,0,0.00011107,1.6478e-05,0.00053578,0.00016394,0.00014965,7.5895e-06,0.00019249,0.529,0.46403,0.45702,0.26462,0.28476,0.12685,0.24915,0,0,0,0,0,0,0,0,0,0,0,0,0,0,0,0,0,0,0,0,0
-0.99943,-0.99766,-0.9897,-0.9974,-0.99141,-0.99788,-0.99593,-0.60974,-0.74392,-0.76599,-0.84986,-0.87312,-0.76994,-0.89592,0,0.00071283,0.0019691,0.012739,0.0062401,0.0090381,0.0034093,0.0055114,0.28415,0.18379,0.19498,0.15433,0.12694,0.10393,0.11197,0,0,0,0,0,0,0,0,0,0,0,0,0,0,0,0,0,0,0,0,0
-0.99811,-0.99376,-0.98222,-0.99567,-0.99615,-0.99963,-0.99646,0.040479,-0.064219,-0.31533,-0.25747,-0.4605,-0.36605,-0.5524,0,0.0020432,0.011404,0.032669,0.011843,0.0035163,0.00051551,0.0056761,0.26722,0.31643,0.38888,0.36059,0.22278,0.26728,0.33787,0,0,0,0,0,0,0,0,0,0,0,0,0,0,0,0,0,0,0,0,0
-0.496,-0.69277,-0.71651,-0.83293,-0.81785,-0.95096,-0.96012,-0.40403,-0.68442,-0.92148,-0.89802,-0.96368,-0.9733,-0.98714,0,0.57216,0.2537,0.35758,0.14752,0.14003,0.07955,0.041272,0.46817,0.50905,0.07122,0.14389,0.052959,0.03146,0.014982,0,0,0,0,0,0,0,0,0,0,0,0,0,0,0,0,0,0,0,0,0
0.5377,0.35784,0.30534,0.19932,0.19382,-0.23197,-0.57045,-0.45583,-0.63716,-0.88882,-0.88134,-0.8993,-0.90971,-0.975,0,0.39385,0.40823,0.25237,0.33955,0.35158,0.36443,0.27868,0.26292,0.35986,0.072924,0.073552,0.1011,0.066282,0.024223,0,0,0,0,0,0,0,0,0,0,0,0,0,0,0,0,0,0,0,0,0
-0.77315,-0.96042,-0.95356,-0.95958,-0.98141,-0.99351,-0.99165,-0.29292,-0.55289,-0.64863,-0.78177,-0.88531,-0.81352,-0.93667,0,0.28807,0.042062,0.026918,0.04866,0.011925,0.012638,0.01058,0.19823,0.16425,0.19834,0.16704,0.10612,0.13484,0.060956,0,0,0,0,0,0,0,0,0,0,0,0,0,0,0,0,0,0,0,0,0
-0.60706,-0.75743,-0.67467,-0.85008,-0.79963,-0.93648,-0.96223,-0.13299,-0.54699,-0.72971,-0.72691,-0.9235,-0.89616,-0.95925,0,0.35102,0.24426,0.31323,0.14296,0.092802,0.077713,0.032925,0.41731,0.37608,0.25598,0.33506,0.074606,0.053305,0.024101,0,0,0,0,0,0,0,0,0,0,0,0,0,0,0,0,0,0,0,0,0
-0.80774,-0.91623,-0.88975,-0.93914,-0.92343,-0.99821,-0.95615,0.28662,-0.029883,-0.73231,-0.62933,-0.76665,-0.8311,-0.90396,0,0.22359,0.13692,0.17115,0.11531,0.1104,0.0037914,0.075312,0.42956,0.48506,0.20082,0.3045,0.19394,0.20748,0.16657,0,0,0,0,0,0,0,0,0,0,0,0,0,0,0,0,0,0,0,0,0
-0.56454,-0.74055,-0.76144,-0.89784,-0.72482,-0.98666,-0.90021,0.26075,-0.21377,-0.57361,-0.66267,-0.75593,-0.64171,-0.82501,0,0.52055,0.23599,0.18597,0.086667,0.23763,0.018029,0.14066,0.38392,0.32967,0.29941,0.15547,0.22132,0.29495,0.21339,0,0,0,0,0,0,0,0,0,0,0,0,0,0,0,0,0,0,0,0,0
-0.94952,-0.93497,-0.96005,-0.9819,-0.95753,-0.99912,-0.97731,-0.10708,-0.32696,-0.70872,-0.74616,-0.78553,-0.76126,-0.92963,0,0.060837,0.12689,0.060988,0.031189,0.066383,0.0010648,0.038993,0.53221,0.45655,0.18565,0.15836,0.19454,0.27171,0.077642,0,0,0,0,0,0,0,0,0,0,0,0,0,0,0,0,0,0,0,0,0
-0.99114,-0.99276,-0.97502,-0.98838,-0.9773,-0.99966,-0.9864,-0.0021359,-0.13207,-0.6896,-0.73697,-0.70052,-0.73381,-0.93246,0,0.016151,0.00865,0.04013,0.031484,0.030093,0.00042179,0.020519,0.60047,0.54492,0.19469,0.22881,0.27832,0.27102,0.068375,0,0,0,0,0,0,0,0,0,0,0,0,0,0,0,0,0,0,0,0,0
-0.15939,-0.49959,-0.5182,-0.70621,-0.42213,-0.90038,-0.85551,0.31006,-0.25214,-0.59088,-0.51494,-0.66377,-0.65393,-0.82269,0,0.5305,0.38778,0.46508,0.28617,0.26385,0.1295,0.10219,0.30879,0.35473,0.29731,0.30162,0.30648,0.26945,0.096215,0,0,0,0,0,0,0,0,0,0,0,0,0,0,0,0,0,0,0,0,0
-0.20377,-0.43196,-0.56831,-0.54105,-0.57499,-0.77519,-0.86169,-0.65677,-0.84109,-0.89535,-0.99076,-0.97672,-0.98888,-0.99575,0,0.65555,0.49016,0.39459,0.47407,0.27064,0.2362,0.14885,0.46976,0.28477,0.21627,0.0098295,0.057393,0.018452,0.0071696,0,0,0,0,0,0,0,0,0,0,0,0,0,0,0,0,0,0,0,0,0
-0.42476,-0.8976,-0.89327,-0.89427,-0.91804,-0.98818,-0.96835,-0.085005,-0.44057,-0.8689,-0.83586,-0.94428,-0.9456,-0.96792,0,0.58214,0.082608,0.061897,0.074466,0.063091,0.012411,0.037741,0.60267,0.52618,0.11374,0.23233,0.057121,0.058844,0.050114,0,0,0,0,0,0,0,0,0,0,0,0,0,0,0,0,0,0,0,0,0
-0.79729,-0.80477,-0.77438,-0.74443,-0.87874,-0.98746,-0.97225,-0.48302,-0.81833,-0.852,-0.9599,-0.9622,-0.98166,-0.97556,0,0.30601,0.16651,0.20508,0.38221,0.11992,0.0090147,0.021085,0.32606,0.15885,0.27881,0.06018,0.053659,0.024464,0.028978,0,0,0,0,0,0,0,0,0,0,0,0,0,0,0,0,0,0,0,0,0
-0.89314,-0.87733,-0.84285,-0.94855,-0.90413,-0.96002,-0.97963,-0.63177,-0.73574,-0.88682,-0.91604,-0.94366,-0.95143,-0.96913,0,0.11757,0.12025,0.11446,0.067166,0.050764,0.030815,0.010713,0.17641,0.18468,0.065355,0.059567,0.039999,0.047292,0.020247,0,0,0,0,0,0,0,0,0,0,0,0,0,0,0,0,0,0,0,0,0
-0.0083732,-0.19946,-0.29464,-0.38755,-0.19135,-0.71446,-0.76205,0.31672,-0.11744,-0.3363,-0.436,-0.49154,-0.4215,-0.72223,0,0.49074,0.43049,0.44013,0.45613,0.21761,0.16127,0.16443,0.18282,0.38172,0.43784,0.22787,0.33742,0.26109,0.17974,0,0,0,0,0,0,0,0,0,0,0,0,0,0,0,0,0,0,0,0,0
-0.98642,-0.99492,-0.96453,-0.98872,-0.96967,-0.99904,-0.9868,0.24892,0.183,-0.28398,-0.45422,-0.47776,-0.39451,-0.78027,0,0.019363,0.0060674,0.060087,0.022865,0.035318,0.0016575,0.020802,0.457,0.4354,0.33967,0.36702,0.31909,0.32707,0.20544,0,0,0,0,0,0,0,0,0,0,0,0,0,0,0,0,0,0,0,0,0
-0.81071,-0.99322,-0.96898,-0.9888,-0.98695,-0.99977,-0.99094,0.26433,-0.17631,-0.46955,-0.42071,-0.62056,-0.76638,-0.85519,0,0.35522,0.0078625,0.072935,0.018545,0.015972,0.00031287,0.015006,0.44234,0.38959,0.30789,0.27817,0.2768,0.30136,0.16205,0,0,0,0,0,0,0,0,0,0,0,0,0,0,0,0,0,0,0,0,0
-0.36179,-0.56447,-0.62697,-0.76321,-0.46972,-0.88305,-0.81163,-0.16911,-0.5144,-0.72263,-0.78835,-0.78556,-0.81089,-0.90581,0,0.5841,0.34861,0.2286,0.26435,0.28507,0.11796,0.23417,0.37307,0.35714,0.26226,0.136,0.23186,0.1298,0.10749,0,0,0,0,0,0,0,0,0,0,0,0,0,0,0,0,0,0,0,0,0
-0.99172,-0.99302,-0.97644,-0.99269,-0.97722,-0.99964,-0.98682,0.32612,0.23853,-0.045945,-0.27069,-0.39709,-0.47092,-0.73815,0,0.0099649,0.0088049,0.038187,0.014675,0.030699,0.00053235,0.020723,0.37943,0.4191,0.29717,0.3993,0.32405,0.42393,0.24792,0,0,0,0,0,0,0,0,0,0,0,0,0,0,0,0,0,0,0,0,0
-0.99281,-0.99071,-0.96413,-0.96013,-0.97314,-0.99966,-0.96378,-0.050255,-0.33767,-0.79413,-0.83138,-0.85369,-0.82463,-0.94433,0,0.012119,0.022119,0.056474,0.11378,0.033661,0.00053089,0.055599,0.54483,0.42026,0.24144,0.17372,0.15705,0.18204,0.068792,0,0,0,0,0,0,0,0,0,0,0,0,0,0,0,0,0,0,0,0,0
0.75726,0.32205,0.59677,0.25117,0.48128,0.020061,-0.40079,-0.63877,-0.71,-0.91152,-0.94834,-0.93268,-0.97208,-0.98831,0,0.43677,0.75679,0.37436,0.57873,0.44187,0.56697,0.39944,0.54396,0.40717,0.1033,0.08478,0.080033,0.029105,0.017205,0,0,0,0,0,0,0,0,0,0,0,0,0,0,0,0,0,0,0,0,0
-0.94676,-0.98048,-0.94777,-0.97736,-0.94781,-0.9982,-0.97995,0.15733,-0.031556,-0.37641,-0.55534,-0.59907,-0.56943,-0.8502,0,0.10632,0.023755,0.071473,0.043144,0.057416,0.0026351,0.027457,0.51476,0.47997,0.26146,0.21261,0.28523,0.32576,0.12751,0,0,0,0,0,0,0,0,0,0,0,0,0,0,0,0,0,0,0,0,0
-0.54862,-0.67553,-0.64708,-0.81394,-0.74236,-0.92029,-0.95218,-0.051768,-0.46971,-0.64963,-0.69766,-0.8955,-0.8494,-0.9415,0,0.37031,0.30846,0.29642,0.14101,0.12459,0.097998,0.035914,0.39762,0.36298,0.34446,0.30723,0.096111,0.069473,0.038421,0,0,0,0,0,0,0,0,0,0,0,0,0,0,0,0,0,0,0,0,0
0.95816,0.73727,0.72134,0.68143,0.50455,0.17221,-0.29362,-0.58177,-0.84683,-0.93025,-0.93311,-0.92681,-0.89663,-0.96805,0,0.031247,0.18055,0.31329,0.2032,0.28266,0.35569,0.43497,0.16177,0.17786,0.067974,0.049814,0.093627,0.10666,0.039463,0,0,0,0,0,0,0,0,0,0,0,0,0,0,0,0,0,0,0,0,0
-0.18092,-0.83071,-0.88093,-0.76182,-0.96154,-0.99687,-0.98567,-0.20491,-0.60504,-0.83851,-0.80817,-0.89314,-0.88707,-0.97363,0,0.69711,0.27769,0.095915,0.53866,0.049065,0.004136,0.019777,0.39204,0.27093,0.16343,0.21953,0.12773,0.11267,0.024816,0,0,0,0,0,0,0,0,0,0,0,0,0,0,0,0,0,0,0,0,0
0.3714,-0.31153,-0.70657,-0.80272,-0.69211,-0.9918,-0.90964,0.34156,0.014139,-0.31584,-0.3439,-0.64899,-0.45165,-0.79687,0,0.55849,0.68268,0.15716,0.15693,0.50244,0.010305,0.11434,0.27882,0.47297,0.51858,0.34359,0.41029,0.45,0.17708,0,0,0,0,0,0,0,0,0,0,0,0,0,0,0,0,0,0,0,0,0
-0.98576,-0.99324,-0.95668,-0.99134,-0.97601,-0.99814,-0.98963,-0.58545,-0.70288,-0.86602,-0.91891,-0.93192,-0.86523,-0.96295,0,0.019134,0.0099573,0.054592,0.022441,0.024361,0.002346,0.017634,0.46612,0.27231,0.12558,0.096267,0.058608,0.071831,0.043718,0,0,0,0,0,0,0,0,0,0,0,0,0,0,0,0,0,0,0,0,0
0.37915,-0.078016,-0.13975,-0.23477,-0.30768,-0.71396,-0.71097,-0.22532,-0.5272,-0.70925,-0.80438,-0.88317,-0.90381,-0.9562,0,0.4016,0.50173,0.4525,0.62491,0.32899,0.19086,0.38057,0.27729,0.40158,0.18967,0.12448,0.11561,0.069559,0.028681,0,0,0,0,0,0,0,0,0,0,0,0,0,0,0,0,0,0,0,0,0
-0.36235,-0.58823,-0.56489,-0.66531,-0.68169,-0.8921,-0.89806,0.041977,-0.36248,-0.67887,-0.59912,-0.89111,-0.91779,-0.95361,0,0.54211,0.38141,0.45571,0.33196,0.1836,0.12401,0.12198,0.52764,0.55381,0.29844,0.5546,0.15771,0.0606,0.038182,0,0,0,0,0,0,0,0,0,0,0,0,0,0,0,0,0,0,0,0,0
-0.97044,-0.98701,-0.97715,-0.98834,-0.98402,-0.9969,-0.99354,-0.68501,-0.76861,-0.83094,-0.9133,-0.95433,-0.93972,-0.97671,0,0.025949,0.018188,0.017636,0.011039,0.010167,0.0041199,0.0069138,0.16931,0.082185,0.084751,0.05512,0.045771,0.036252,0.019097,0,0,0,0,0,0,0,0,0,0,0,0,0,0,0,0,0,0,0,0,0
-0.90147,-0.95395,-0.93108,-0.9583,-0.94589,-0.98808,-0.97895,-0.33947,-0.49875,-0.58841,-0.77919,-0.89043,-0.83934,-0.93969,0,0.095726,0.046389,0.058435,0.037573,0.03127,0.014491,0.017911,0.2634,0.14234,0.25696,0.11506,0.08028,0.077881,0.031796,0,0,0,0,0,0,0,0,0,0,0,0,0,0,0,0,0,0,0,0,0
-0.99616,-0.99904,-0.99579,-0.99832,-0.99852,-0.99995,-0.9986,-0.47657,-0.69701,-0.81752,-0.87045,-0.95492,-0.92831,-0.96135,0,0.0042048,0.0018801,0.0091548,0.0037449,0.0016113,5.58e-05,0.0020435,0.14764,0.146,0.15804,0.12544,0.031485,0.046446,0.034324,0,0,0,0,0,0,0,0,0,0,0,0,0,0,0,0,0,0,0,0,0
-0.99152,-0.98351,-0.95836,-0.98546,-0.99666,-0.99857,-0.99805,-0.62537,-0.7569,-0.87274,-0.93716,-0.80852,-0.99049,-0.9914,0,0.011023,0.038398,0.11695,0.039115,0.0032074,0.0027032,0.0022669,0.58085,0.33954,0.21875,0.086881,0.57185,0.009166,0.012764,0,0,0,0,0,0,0,0,0,0,0,0,0,0,0,0,0,0,0,0,0
-0.89004,-0.93353,-0.91308,-0.95358,-0.94347,-0.98109,-0.97965,-0.78545,-0.82863,-0.90036,-0.92692,-0.96768,-0.961,-0.97884,0,0.10748,0.089053,0.058724,0.061924,0.028821,0.014651,0.015798,0.14665,0.11218,0.064392,0.047678,0.03579,0.027673,0.016583,0,0,0,0,0,0,0,0,0,0,0,0,0,0,0,0,0,0,0,0,0
-0.995,-0.99787,-0.9899,-0.99829,-0.99273,-0.99971,-0.99656,-0.4433,-0.68729,-0.77843,-0.79612,-0.97022,-0.87462,-0.90338,0,0.012355,0.0033761,0.02309,0.0046591,0.010433,0.00072575,0.0071725,0.31767,0.20736,0.26477,0.18335,0.017877,0.14101,0.098998,0,0,0,0,0,0,0,0,0,0,0,0,0,0,0,0,0,0,0,0,0
-0.96587,-0.98725,-0.98078,-0.98929,-0.98454,-0.99747,-0.9942,-0.6962,-0.79676,-0.84865,-0.92544,-0.95958,-0.94704,-0.97786,0,0.028568,0.017735,0.013895,0.01065,0.010729,0.0035567,0.0063666,0.16162,0.081035,0.070174,0.047035,0.041307,0.032328,0.017565,0,0,0,0,0,0,0,0,0,0,0,0,0,0,0,0,0,0,0,0,0
0.54655,0.074919,0.1265,-0.26537,0.17415,-0.4128,-0.61862,-0.68685,-0.81729,-0.9337,-0.97863,-0.96605,-0.98659,-0.99508,0,0.67682,0.75293,0.51782,0.61724,0.54016,0.41025,0.38067,0.56625,0.28621,0.095146,0.032788,0.056121,0.014954,0.0076362,0,0,0,0,0,0,0,0,0,0,0,0,0,0,0,0,0,0,0,0,0
0.69511,0.74712,0.6687,0.56745,0.54658,0.055614,-0.26808,-0.80704,-0.95112,-0.98377,-0.99292,-0.99296,-0.98248,-0.99506,0,0.55027,0.34401,0.39526,0.52649,0.54629,0.61351,0.50051,0.14988,0.042567,0.015639,0.0063179,0.0074211,0.027822,0.0081386,0,0,0,0,0,0,0,0,0,0,0,0,0,0,0,0,0,0,0,0,0
-0.8213,-0.81333,-0.7263,-0.92157,-0.82188,-0.92343,-0.95037,-0.65988,-0.78636,-0.9037,-0.92456,-0.94658,-0.96101,-0.97452,0,0.20276,0.17402,0.21322,0.091832,0.094972,0.063745,0.022979,0.20213,0.12691,0.074452,0.057403,0.046662,0.033486,0.016995,0,0,0,0,0,0,0,0,0,0,0,0,0,0,0,0,0,0,0,0,0
-0.90386,-0.94859,-0.92477,-0.96581,-0.95224,-0.98926,-0.98476,-0.67181,-0.76561,-0.8346,-0.90335,-0.94546,-0.9229,-0.96614,0,0.078865,0.053816,0.055525,0.026599,0.030491,0.0081145,0.011055,0.1851,0.093825,0.079842,0.049896,0.0482,0.03171,0.020804,0,0,0,0,0,0,0,0,0,0,0,0,0,0,0,0,0,0,0,0,0
-0.98149,-0.99868,-0.98093,-0.99316,-0.99403,-0.99974,-0.99887,-0.49209,-0.62506,-0.62131,-0.66738,-0.86735,-0.76285,-0.76495,0,0.047426,0.0015235,0.047188,0.0184,0.0077047,0.00031446,0.0014647,0.27328,0.33879,0.34297,0.20026,0.1124,0.18544,0.19929,0,0,0,0,0,0,0,0,0,0,0,0,0,0,0,0,0,0,0,0,0
0.60131,0.52583,0.56466,0.48601,0.31865,-0.23805,-0.36786,-0.81394,-0.95721,-0.98872,-0.99519,-0.99474,-0.98548,-0.99456,0,0.59097,0.57954,0.43533,0.64282,0.565,0.51897,0.53006,0.1761,0.027743,0.012896,0.0041401,0.0056428,0.023275,0.0096121,0,0,0,0,0,0,0,0,0,0,0,0,0,0,0,0,0,0,0,0,0
-0.88653,-0.85268,-0.77853,-0.94125,-0.85647,-0.93584,-0.96206,-0.6683,-0.78433,-0.90297,-0.92023,-0.94701,-0.95825,-0.97439,0,0.15153,0.15091,0.17724,0.07464,0.076719,0.055612,0.019627,0.18945,0.1297,0.072679,0.063675,0.045736,0.034891,0.018322,0,0,0,0,0,0,0,0,0,0,0,0,0,0,0,0,0,0,0,0,0
-0.50716,-0.85701,-0.88431,-0.77587,-0.93184,-0.96994,-0.99594,-0.54196,-0.87382,-0.8778,-0.94689,-0.98251,-0.97212,-0.97453,0,0.63614,0.11459,0.11404,0.44338,0.084506,0.033042,0.0043761,0.57181,0.097168,0.1496,0.053745,0.018836,0.047169,0.040435,0,0,0,0,0,0,0,0,0,0,0,0,0,0,0,0,0,0,0,0,0
-0.17129,-0.54879,-0.70913,-0.59803,-0.85248,-0.92032,-0.98312,-0.37677,-0.77467,-0.8026,-0.90072,-0.93417,-0.95023,-0.96574,0,0.73985,0.45209,0.29566,0.70914,0.13055,0.1085,0.016991,0.42049,0.20853,0.23311,0.11145,0.13286,0.091742,0.05234,0,0,0,0,0,0,0,0,0,0,0,0,0,0,0,0,0,0,0,0,0
-0.96657,-0.97524,-0.96969,-0.97791,-0.97424,-0.99449,-0.99303,-0.29147,-0.46224,-0.63642,-0.79302,-0.87627,-0.86596,-0.93179,0,0.043718,0.027654,0.033765,0.037307,0.022514,0.0055519,0.0063754,0.36543,0.34688,0.20614,0.16817,0.086706,0.068192,0.040212,0,0,0,0,0,0,0,0,0,0,0,0,0,0,0,0,0,0,0,0,0
-0.97593,-0.96444,-0.93743,-0.98589,-0.96219,-0.99042,-0.98644,-0.83231,-0.86353,-0.93262,-0.95498,-0.96406,-0.98177,-0.98125,0,0.036611,0.046532,0.062645,0.017623,0.034051,0.010979,0.013434,0.12414,0.1043,0.073502,0.041992,0.047836,0.020859,0.015103,0,0,0,0,0,0,0,0,0,0,0,0,0,0,0,0,0,0,0,0,0
-0.99762,-0.99797,-0.99015,-0.9959,-0.99816,-0.99944,-0.999,-0.93983,-0.9632,-0.9758,-0.99198,-0.98877,-0.99311,-0.99764,0,0.0044982,0.0034886,0.017303,0.011636,0.0028778,0.001067,0.0011098,0.081467,0.045352,0.038758,0.014484,0.0177,0.014367,0.0037747,0,0,0,0,0,0,0,0,0,0,0,0,0,0,0,0,0,0,0,0,0
-0.99891,-0.99934,-0.99572,-0.99892,-0.99792,-0.9997,-0.99938,-0.35146,-0.79168,-0.76374,-0.93656,-0.95851,-0.89418,-0.95499,0,0.0020227,0.0011828,0.0072799,0.0018506,0.0022837,0.00067479,0.00072934,0.64073,0.27548,0.44759,0.092068,0.065076,0.27373,0.085099,0,0,0,0,0,0,0,0,0,0,0,0,0,0,0,0,0,0,0,0,0
-0.83476,-0.83997,-0.82086,-0.9177,-0.91575,-0.96572,-0.98372,-0.52426,-0.68625,-0.78684,-0.84144,-0.89523,-0.89536,-0.93797,0,0.25976,0.22192,0.15147,0.1172,0.054525,0.037137,0.015425,0.27141,0.19307,0.13003,0.11118,0.067091,0.065422,0.036309,0,0,0,0,0,0,0,0,0,0,0,0,0,0,0,0,0,0,0,0,0
-0.99102,-0.98385,-0.96583,-0.98863,-0.97933,-0.99721,-0.99455,-0.78398,-0.92046,-0.91418,-0.97869,-0.97719,-0.98627,-0.99232,0,0.010031,0.023568,0.04709,0.019568,0.026457,0.0049439,0.0047244,0.17739,0.062188,0.094415,0.022263,0.030433,0.020175,0.0085349,0,0,0,0,0,0,0,0,0,0,0,0,0,0,0,0,0,0,0,0,0
-0.97333,-0.94836,-0.90121,-0.98374,-0.95494,-0.98646,-0.98329,-0.90494,-0.91425,-0.95616,-0.97488,-0.97995,-0.98449,-0.99131,0,0.040891,0.073438,0.10919,0.026333,0.034385,0.015017,0.015173,0.087699,0.074687,0.050653,0.027983,0.024848,0.018786,0.0095924,0,0,0,0,0,0,0,0,0,0,0,0,0,0,0,0,0,0,0,0,0
-0.98378,-0.96948,-0.94683,-0.98931,-0.96392,-0.99333,-0.98626,-0.8347,-0.86337,-0.93214,-0.95488,-0.96501,-0.98202,-0.9828,0,0.026977,0.03824,0.056672,0.017025,0.03722,0.0069239,0.013974,0.12817,0.11004,0.076667,0.045422,0.04559,0.020804,0.013606,0,0,0,0,0,0,0,0,0,0,0,0,0,0,0,0,0,0,0,0,0
-0.99743,-0.99777,-0.98017,-0.99653,-0.99808,-0.99938,-0.99784,-0.95091,-0.97024,-0.9683,-0.99409,-0.98888,-0.98965,-0.99798,0,0.0057883,0.003523,0.040483,0.0096835,0.0027712,0.001228,0.0023913,0.057866,0.045326,0.065418,0.007144,0.02625,0.025201,0.0027386,0,0,0,0,0,0,0,0,0,0,0,0,0,0,0,0,0,0,0,0,0
-0.98585,-0.97054,-0.94936,-0.98931,-0.96567,-0.99338,-0.98637,-0.82986,-0.86104,-0.93083,-0.9539,-0.96311,-0.98133,-0.98183,0,0.023504,0.037135,0.055136,0.016987,0.036577,0.0073153,0.013855,0.13629,0.11016,0.077541,0.044821,0.049174,0.021246,0.013557,0,0,0,0,0,0,0,0,0,0,0,0,0,0,0,0,0,0,0,0,0
-0.99818,-0.99805,-0.98312,-0.99629,-0.99865,-0.99943,-0.99833,-0.94844,-0.96649,-0.96935,-0.99202,-0.98891,-0.99093,-0.99754,0,0.0046706,0.0029201,0.034933,0.010932,0.0021327,0.0011165,0.0018483,0.064096,0.049027,0.057775,0.0096631,0.02258,0.018618,0.0030513,0,0,0,0,0,0,0,0,0,0,0,0,0,0,0,0,0,0,0,0,0
0.69631,0.7609,0.71454,0.6085,0.59256,0.12181,-0.17328,-0.82708,-0.9593,-0.9851,-0.99388,-0.99364,-0.98491,-0.99556,0,0.56018,0.34072,0.35953,0.50146,0.56089,0.6091,0.52916,0.14698,0.034825,0.014048,0.0057231,0.0069262,0.02388,0.0072991,0,0,0,0,0,0,0,0,0,0,0,0,0,0,0,0,0,0,0,0,0
-0.75826,-0.76266,-0.65351,-0.89134,-0.76457,-0.89333,-0.93396,-0.61794,-0.7659,-0.89716,-0.91567,-0.94094,-0.95585,-0.97074,0,0.23725,0.21295,0.24741,0.11923,0.11583,0.085146,0.025766,0.21006,0.1369,0.075813,0.060916,0.048262,0.03643,0.018648,0,0,0,0,0,0,0,0,0,0,0,0,0,0,0,0,0,0,0,0,0
-0.56306,-0.90134,-0.92714,-0.87856,-0.97338,-0.99714,-0.98826,-0.15548,-0.53784,-0.88439,-0.78454,-0.92949,-0.95017,-0.96674,0,0.59274,0.22876,0.064153,0.22786,0.023644,0.0026728,0.018574,0.60584,0.51707,0.074785,0.25625,0.052118,0.051704,0.036863,0,0,0,0,0,0,0,0,0,0,0,0,0,0,0,0,0,0,0,0,0
0.89778,0.68203,0.49328,0.73848,0.42311,0.21469,-0.39626,-0.44646,-0.7731,-0.88808,-0.91691,-0.93271,-0.92163,-0.97199,0,0.10802,0.19275,0.32469,0.24047,0.36782,0.38592,0.22839,0.16122,0.24227,0.090298,0.067639,0.08404,0.075605,0.035169,0,0,0,0,0,0,0,0,0,0,0,0,0,0,0,0,0,0,0,0,0
0.10926,-0.17292,-0.33751,-0.24834,-0.28276,-0.78669,-0.73968,0.44707,0.10919,-0.19599,-0.37298,-0.49819,-0.45931,-0.75594,0,0.53228,0.41076,0.46756,0.43582,0.3225,0.18548,0.18069,0.28641,0.35278,0.46402,0.19268,0.36278,0.30927,0.13014,0,0,0,0,0,0,0,0,0,0,0,0,0,0,0,0,0,0,0,0,0
-0.9701,-0.99718,-0.99298,-0.99798,-0.9969,-0.99995,-0.99556,0.72122,0.51095,0.36668,0.32075,0.055037,-0.14934,-0.26215,0,0.04198,0.0038644,0.015571,0.0041509,0.0037177,5.8003e-05,0.0079109,0.19418,0.22224,0.34611,0.41437,0.38142,0.44373,0.36414,0,0,0,0,0,0,0,0,0,0,0,0,0,0,0,0,0,0,0,0,0
-0.72753,-0.77436,-0.8291,-0.89116,-0.77298,-0.96078,-0.94231,0.38691,-0.035116,-0.29791,-0.40757,-0.65956,-0.38006,-0.75541,0,0.30768,0.17347,0.14918,0.094576,0.14775,0.056094,0.039384,0.26577,0.26724,0.33871,0.2603,0.3263,0.20373,0.1317,0,0,0,0,0,0,0,0,0,0,0,0,0,0,0,0,0,0,0,0,0
-0.99281,-0.99541,-0.97886,-0.9924,-0.97675,-0.99859,-0.98893,0.57607,0.45712,0.52242,0.265,-0.086718,0.11003,-0.25559,0,0.010905,0.0038321,0.033977,0.011635,0.037606,0.0031327,0.016586,0.27345,0.18505,0.1886,0.38297,0.40112,0.31586,0.26329,0,0,0,0,0,0,0,0,0,0,0,0,0,0,0,0,0,0,0,0,0
-0.28849,-0.66085,-0.74863,-0.7977,-0.89746,-0.96672,-0.97384,-0.67546,-0.84391,-0.94747,-0.9631,-0.98651,-0.98132,-0.98746,0,0.5049,0.44121,0.14245,0.1903,0.08893,0.030003,0.029543,0.41516,0.10306,0.090952,0.056393,0.015065,0.022174,0.019005,0,0,0,0,0,0,0,0,0,0,0,0,0,0,0,0,0,0,0,0,0
0.765,0.39392,0.32346,0.35859,0.05385,-0.53146,-0.47545,-0.083295,-0.64126,-0.86275,-0.86687,-0.90712,-0.88835,-0.96087,0,0.22549,0.38423,0.24895,0.43251,0.36598,0.34149,0.30376,0.31031,0.21821,0.10564,0.12376,0.086925,0.11383,0.046077,0,0,0,0,0,0,0,0,0,0,0,0,0,0,0,0,0,0,0,0,0
-0.16472,-0.6661,-0.70164,-0.7741,-0.6581,-0.94552,-0.8803,0.2792,-0.13289,-0.35542,-0.63151,-0.70001,-0.7094,-0.8854,0,0.49284,0.23328,0.26685,0.14735,0.23519,0.064206,0.11393,0.37721,0.51343,0.48286,0.19205,0.25747,0.16077,0.089925,0,0,0,0,0,0,0,0,0,0,0,0,0,0,0,0,0,0,0,0,0
-0.99192,-0.99604,-0.97396,-0.98919,-0.97285,-0.99907,-0.98768,0.40626,0.31138,0.081178,-0.16424,-0.26331,-0.19557,-0.57825,0,0.012506,0.0045974,0.039701,0.022621,0.032126,0.0016072,0.017865,0.39252,0.42835,0.34646,0.26699,0.29907,0.38574,0.23761,0,0,0,0,0,0,0,0,0,0,0,0,0,0,0,0,0,0,0,0,0
-0.95123,-0.96913,-0.9299,-0.97031,-0.9316,-0.99844,-0.98244,-0.74592,-0.78647,-0.84717,-0.9678,-0.97579,-0.97471,-0.99556,0,0.080959,0.042216,0.065175,0.052819,0.090103,0.0015448,0.016066,0.31619,0.3675,0.21388,0.043936,0.043595,0.045655,0.0059138,0,0,0,0,0,0,0,0,0,0,0,0,0,0,0,0,0,0,0,0,0
-0.98516,-0.96917,-0.93802,-0.98738,-0.96302,-0.99388,-0.9861,-0.85781,-0.88501,-0.9409,-0.95404,-0.96992,-0.98137,-0.98521,0,0.023203,0.038558,0.059191,0.023333,0.038307,0.008,0.013119,0.1035,0.095462,0.064463,0.049582,0.033787,0.020183,0.012447,0,0,0,0,0,0,0,0,0,0,0,0,0,0,0,0,0,0,0,0,0
-0.99114,-0.99276,-0.97502,-0.98838,-0.9773,-0.99966,-0.9864,-0.0021359,-0.13207,-0.6896,-0.73697,-0.70052,-0.73381,-0.93246,0,0.016151,0.00865,0.04013,0.031484,0.030093,0.00042179,0.020519,0.60047,0.54492,0.19469,0.22881,0.27832,0.27102,0.068375,0,0,0,0,0,0,0,0,0,0,0,0,0,0,0,0,0,0,0,0,0
-0.15939,-0.49959,-0.5182,-0.70621,-0.42213,-0.90038,-0.85551,0.31006,-0.25214,-0.59088,-0.51494,-0.66377,-0.65393,-0.82269,0,0.5305,0.38778,0.46508,0.28617,0.26385,0.1295,0.10219,0.30879,0.35473,0.29731,0.30162,0.30648,0.26945,0.096215,0,0,0,0,0,0,0,0,0,0,0,0,0,0,0,0,0,0,0,0,0
0.15676,-0.12599,-0.36459,-0.25635,-0.40768,-0.64184,-0.77349,-0.62849,-0.83138,-0.93275,-0.98302,-0.96876,-0.98446,-0.9938,0,0.55129,0.63289,0.43005,0.58532,0.26785,0.35478,0.24895,0.50305,0.24676,0.11071,0.025882,0.069402,0.023326,0.011112,0,0,0,0,0,0,0,0,0,0,0,0,0,0,0,0,0,0,0,0,0
-0.50252,-0.92209,-0.92605,-0.92114,-0.9425,-0.99128,-0.97849,-0.17208,-0.47431,-0.88237,-0.85954,-0.95577,-0.9564,-0.96895,0,0.59729,0.069208,0.042265,0.054872,0.044184,0.0098005,0.02789,0.61711,0.5347,0.11526,0.20901,0.047181,0.048331,0.052218,0,0,0,0,0,0,0,0,0,0,0,0,0,0,0,0,0,0,0,0,0
0.957,0.8364,0.68608,0.71434,0.49181,0.04502,-0.15795,-0.56027,-0.8307,-0.94212,-0.93937,-0.9568,-0.94048,-0.98279,0,0.037479,0.12486,0.35747,0.28315,0.27172,0.54377,0.46599,0.1905,0.11581,0.040733,0.053802,0.039642,0.061209,0.021394,0,0,0,0,0,0,0,0,0,0,0,0,0,0,0,0,0,0,0,0,0
-0.99513,-0.99675,-0.98844,-0.99646,-0.99137,-0.9989,-0.9952,-0.8531,-0.94281,-0.9688,-0.98199,-0.98327,-0.98525,-0.99514,0,0.0049071,0.0044631,0.019693,0.0057601,0.0072431,0.00077915,0.0062795,0.084031,0.048835,0.01914,0.01532,0.021124,0.014945,0.0067051,0,0,0,0,0,0,0,0,0,0,0,0,0,0,0,0,0,0,0,0,0
-0.1522,-0.32707,-0.2853,-0.49986,-0.39942,-0.57285,-0.85607,-0.55389,-0.81129,-0.947,-0.89368,-0.96088,-0.95774,-0.98674,0,0.39501,0.45797,0.56576,0.50417,0.20089,0.39646,0.13164,0.3162,0.2197,0.044528,0.17956,0.055212,0.041711,0.014511,0,0,0,0,0,0,0,0,0,0,0,0,0,0,0,0,0,0,0,0,0
-0.32395,-0.53462,-0.63619,-0.71729,-0.60607,-0.92416,-0.90119,-0.56602,-0.75342,-0.85338,-0.90602,-0.95017,-0.9129,-0.97494,0,0.55246,0.44889,0.30689,0.38362,0.21332,0.096047,0.093484,0.31184,0.17568,0.12701,0.066285,0.072881,0.079277,0.034901,0,0,0,0,0,0,0,0,0,0,0,0,0,0,0,0,0,0,0,0,0
-0.97557,-0.99683,-0.99594,-0.99303,-0.99672,-0.99992,-0.99802,-0.42613,-0.59706,-0.80178,-0.81817,-0.89129,-0.93033,-0.97468,0,0.030984,0.0052951,0.0058026,0.01418,0.0040137,8.6383e-05,0.0035397,0.44299,0.53224,0.20259,0.25398,0.20599,0.06738,0.023221,0,0,0,0,0,0,0,0,0,0,0,0,0,0,0,0,0,0,0,0,0
-0.96272,-0.98645,-0.93962,-0.96939,-0.95615,-0.99708,-0.98189,-0.010291,-0.23214,-0.50281,-0.6713,-0.70622,-0.56988,-0.84087,0,0.054285,0.015459,0.087612,0.060091,0.043638,0.0042922,0.026582,0.55216,0.47171,0.30075,0.22685,0.15444,0.26323,0.14818,0,0,0,0,0,0,0,0,0,0,0,0,0,0,0,0,0,0,0,0,0
-0.78733,-0.97312,-0.9493,-0.9318,-0.98169,-0.99899,-0.99772,-0.62065,-0.88877,-0.71757,-0.9613,-0.9002,-0.97579,-0.9676,0,0.34249,0.058875,0.073109,0.14391,0.0218,0.0015534,0.0032585,0.41286,0.091616,0.56054,0.064743,0.15988,0.039029,0.065009,0,0,0,0,0,0,0,0,0,0,0,0,0,0,0,0,0,0,0,0,0
-0.97678,-0.96296,-0.93116,-0.98619,-0.96592,-0.99204,-0.98831,-0.88339,-0.89391,-0.95044,-0.96729,-0.97497,-0.98576,-0.98588,0,0.03022,0.054517,0.069346,0.019798,0.029875,0.0079894,0.011549,0.081248,0.081219,0.058023,0.030425,0.034422,0.018544,0.014203,0,0,0,0,0,0,0,0,0,0,0,0,0,0,0,0,0,0,0,0,0
-0.80409,-0.83252,-0.80126,-0.91002,-0.89344,-0.96404,-0.9682,-0.75403,-0.83263,-0.91851,-0.94391,-0.96812,-0.95994,-0.98416,0,0.18055,0.15676,0.13931,0.071405,0.042216,0.019836,0.018165,0.1717,0.088371,0.041852,0.034683,0.031802,0.02876,0.011715,0,0,0,0,0,0,0,0,0,0,0,0,0,0,0,0,0,0,0,0,0
-0.96935,-0.9955,-0.98673,-0.99458,-0.99396,-0.99964,-0.99595,-0.24613,-0.55307,-0.71138,-0.73371,-0.903,-0.82969,-0.9319,0,0.045963,0.007392,0.020255,0.0086994,0.0041872,0.00042577,0.006766,0.24344,0.18305,0.1849,0.1683,0.070068,0.12196,0.043366,0,0,0,0,0,0,0,0,0,0,0,0,0,0,0,0,0,0,0,0,0
-0.96479,-0.98142,-0.948,-0.98189,-0.95616,-0.99843,-0.98944,-0.67527,-0.78031,-0.79292,-0.96457,-0.97637,-0.97062,-0.99267,0,0.057549,0.021302,0.052265,0.031632,0.051567,0.0018081,0.00914,0.48319,0.31719,0.32325,0.041477,0.043874,0.047726,0.01028,0,0,0,0,0,0,0,0,0,0,0,0,0,0,0,0,0,0,0,0,0
-0.97954,-0.9649,-0.92969,-0.98505,-0.95934,-0.994,-0.9852,-0.8633,-0.88736,-0.94299,-0.95619,-0.97157,-0.98183,-0.98549,0,0.032663,0.042057,0.066204,0.026217,0.042125,0.0078442,0.014011,0.098009,0.095683,0.063691,0.047222,0.031218,0.019995,0.012583,0,0,0,0,0,0,0,0,0,0,0,0,0,0,0,0,0,0,0,0,0
0.97585,0.79558,0.73598,0.86519,0.41285,0.042212,-0.20352,-0.13717,-0.20364,-0.54106,-0.49444,-0.67302,-0.75468,-0.8413,0,0.027494,0.15706,0.2801,0.20326,0.42137,0.50577,0.49937,0.29481,0.2567,0.3026,0.29515,0.11939,0.15471,0.092861,0,0,0,0,0,0,0,0,0,0,0,0,0,0,0,0,0,0,0,0,0
0.93876,0.80986,0.74957,0.59997,0.58636,0.26031,0.0761,0.21231,-0.18604,-0.63852,-0.53814,-0.76441,-0.79012,-0.81963,0,0.04102,0.13183,0.19117,0.26913,0.24239,0.31309,0.52655,0.22846,0.16699,0.16401,0.206,0.068343,0.079032,0.096483,0,0,0,0,0,0,0,0,0,0,0,0,0,0,0,0,0,0,0,0,0
-0.12472,-0.3475,-0.35107,-0.5972,-0.64363,-0.84531,-0.94182,-0.5514,-0.76798,-0.86195,-0.8602,-0.94728,-0.95824,-0.90284,0,0.51853,0.38465,0.20527,0.34643,0.17008,0.17156,0.041007,0.16444,0.15868,0.13155,0.081711,0.035168,0.024673,0.10713,0,0,0,0,0,0,0,0,0,0,0,0,0,0,0,0,0,0,0,0,0
0.30617,-0.11384,-0.25815,-0.27439,-0.61825,-0.82194,-0.92134,0.14821,-0.23867,-0.46662,-0.49832,-0.7475,-0.77249,-0.74082,0,0.38873,0.3963,0.37716,0.36354,0.17787,0.1383,0.06105,0.22865,0.26716,0.21763,0.10659,0.045917,0.084392,0.090316,0,0,0,0,0,0,0,0,0,0,0,0,0,0,0,0,0,0,0,0,0
-0.76059,-0.68194,-0.67083,-0.90323,-0.89036,-0.98873,-0.94111,0.84677,0.7599,0.52833,0.52785,0.19692,0.34236,0.29108,0,0.20753,0.36629,0.3913,0.19923,0.11703,0.01669,0.067522,0.11603,0.14606,0.31228,0.14128,0.35304,0.22329,0.22475,0,0,0,0,0,0,0,0,0,0,0,0,0,0,0,0,0,0,0,0,0
-0.98261,-0.92751,-0.86351,-0.90914,-0.9431,-0.99888,-0.91722,0.92338,0.87959,0.77356,0.54588,0.55356,0.57841,0.53617,0,0.02982,0.11555,0.30917,0.16067,0.075913,0.0014194,0.097989,0.074414,0.12581,0.27699,0.38548,0.28509,0.29935,0.38902,0,0,0,0,0,0,0,0,0,0,0,0,0,0,0,0,0,0,0,0,0
-0.98502,-0.99449,-0.9893,-0.98754,-0.98131,-0.99977,-0.97759,0.85908,0.74782,0.41448,0.49707,0.19005,-0.27143,-0.13792,0,0.030248,0.0079805,0.019297,0.0339,0.027833,0.00042755,0.047484,0.10469,0.20468,0.4025,0.37389,0.35704,0.36566,0.3769,0,0,0,0,0,0,0,0,0,0,0,0,0,0,0,0,0,0,0,0,0
0.66776,0.40768,0.18892,0.22934,-0.25662,-0.65465,-0.74862,0.69196,0.48855,0.40621,0.37421,-0.10694,-0.031576,-0.10279,0,0.1958,0.19616,0.17444,0.24872,0.14595,0.19418,0.096615,0.097105,0.13961,0.22921,0.16912,0.20604,0.20815,0.24561,0,0,0,0,0,0,0,0,0,0,0,0,0,0,0,0,0,0,0,0,0
-0.52233,-0.71571,-0.80054,-0.81479,-0.84887,-0.97464,-0.95351,-0.038534,-0.43307,-0.56123,-0.61938,-0.80962,-0.77001,-0.89866,0,0.42077,0.1832,0.10269,0.16498,0.1097,0.01776,0.049844,0.27002,0.33487,0.26858,0.18415,0.10206,0.10041,0.059092,0,0,0,0,0,0,0,0,0,0,0,0,0,0,0,0,0,0,0,0,0
-0.98331,-0.99204,-0.96314,-0.98963,-0.96047,-0.9937,-0.98609,0.41157,0.28797,0.22978,-0.0031603,-0.24563,0.13695,-0.46428,0,0.036258,0.0081353,0.063004,0.019737,0.05252,0.014444,0.018844,0.35495,0.27374,0.29285,0.426,0.47572,0.37173,0.24363,0,0,0,0,0,0,0,0,0,0,0,0,0,0,0,0,0,0,0,0,0
-0.59208,-0.60472,-0.75557,-0.8537,-0.85581,-0.97237,-0.95243,0.59182,0.27619,-0.056418,-0.14068,-0.44776,-0.51459,-0.51393,0,0.21461,0.18082,0.20214,0.14194,0.087788,0.023775,0.042805,0.26952,0.21823,0.33831,0.27373,0.33286,0.18764,0.19767,0,0,0,0,0,0,0,0,0,0,0,0,0,0,0,0,0,0,0,0,0
-0.9636,-0.95812,-0.95446,-0.98144,-0.95295,-0.99919,-0.9763,0.25862,0.1287,-0.43018,-0.45619,-0.48777,-0.52917,-0.82226,0,0.058155,0.060604,0.067548,0.038634,0.056339,0.00076622,0.032175,0.50139,0.46015,0.36521,0.34392,0.41957,0.43645,0.1854,0,0,0,0,0,0,0,0,0,0,0,0,0,0,0,0,0,0,0,0,0
-0.82281,-0.89229,-0.94374,-0.9362,-0.95099,-0.98984,-0.98329,0.076003,-0.39245,-0.65491,-0.73029,-0.85333,-0.84374,-0.89787,0,0.29295,0.1634,0.05377,0.10864,0.045971,0.021978,0.021344,0.45297,0.29117,0.19905,0.24071,0.10006,0.13719,0.16481,0,0,0,0,0,0,0,0,0,0,0,0,0,0,0,0,0,0,0,0,0
-0.54242,-0.88637,-0.95663,-0.977,-0.90977,-0.99686,-0.98167,0.35551,0.006544,-0.41101,-0.43012,-0.48456,-0.72337,-0.78639,0,0.64368,0.10463,0.054882,0.043792,0.093322,0.005414,0.020769,0.45047,0.52151,0.62692,0.33964,0.56143,0.27866,0.28673,0,0,0,0,0,0,0,0,0,0,0,0,0,0,0,0,0,0,0,0,0
-0.67206,-0.91096,-0.85427,-0.88821,-0.91965,-0.99675,-0.96246,-0.17338,-0.63868,-0.86728,-0.74104,-0.89101,-0.90179,-0.96257,0,0.3518,0.088046,0.21157,0.18066,0.099409,0.0036834,0.057479,0.48298,0.22779,0.11876,0.38262,0.11168,0.12344,0.050978,0,0,0,0,0,0,0,0,0,0,0,0,0,0,0,0,0,0,0,0,0
-0.82722,-0.91743,-0.89239,-0.94729,-0.82148,-0.99272,-0.96001,0.049062,-0.38568,-0.69228,-0.73324,-0.79494,-0.73369,-0.91771,0,0.21444,0.067433,0.07951,0.061621,0.25567,0.0076,0.045723,0.38023,0.30799,0.14799,0.17742,0.2124,0.21054,0.057892,0,0,0,0,0,0,0,0,0,0,0,0,0,0,0,0,0,0,0,0,0
-0.95749,-0.94899,-0.96344,-0.98242,-0.96104,-0.99943,-0.98472,0.078958,-0.11687,-0.43595,-0.55311,-0.64638,-0.64804,-0.87407,0,0.04777,0.062493,0.052359,0.03269,0.055685,0.00070714,0.023521,0.50082,0.36717,0.39874,0.26395,0.33759,0.33354,0.13922,0,0,0,0,0,0,0,0,0,0,0,0,0,0,0,0,0,0,0,0,0
-0.2669,-0.69461,-0.66117,-0.74498,-0.85867,-0.90759,-0.9644,-0.73381,-0.79725,-0.94325,-0.94885,-0.98779,-0.98108,-0.98492,0,0.41732,0.24092,0.2871,0.26043,0.07396,0.14105,0.033163,0.14139,0.20012,0.048345,0.040852,0.01149,0.014362,0.013492,0,0,0,0,0,0,0,0,0,0,0,0,0,0,0,0,0,0,0,0,0
0.92822,0.87934,0.72573,0.52866,0.78085,0.0057954,0.027281,0.19147,-0.097021,-0.37316,-0.41756,-0.74118,-0.74421,-0.77185,0,0.12533,0.12761,0.32045,0.51055,0.11534,0.62572,0.51774,0.42081,0.41193,0.298,0.2778,0.12766,0.14707,0.11819,0,0,0,0,0,0,0,0,0,0,0,0,0,0,0,0,0,0,0,0,0
0.65505,0.26593,0.1193,0.054076,-0.23757,-0.41339,-0.69678,-0.54764,-0.73896,-0.8753,-0.88891,-0.94595,-0.96658,-0.94302,0,0.28695,0.3986,0.56474,0.3846,0.34118,0.34554,0.39335,0.20115,0.15612,0.091226,0.050935,0.036553,0.033866,0.049674,0,0,0,0,0,0,0,0,0,0,0,0,0,0,0,0,0,0,0,0,0
