<?xml version="1.0" encoding="utf-8"?>
<extension version="1.7" type="plugin" group="system">
	<name>Button - JA Typography</name>
	<author>Joomla! Project</author>
	<creationDate>Jan 2012</creationDate>
	<copyright>Copyright (C) 2005 - 2008 Open Source Matters. All rights reserved.</copyright>
	<license>http://www.gnu.org/licenses/gpl-2.0.html GNU/GPL</license>
	<authorEmail>admin@joomla.org</authorEmail>
	<authorUrl>www.joomla.org</authorUrl>
	<version>1.1.4</version>
	<description><![CDATA[
	<span style="color: #008000;"><strong>JA Typo plugin support Preformatted text, Lists Style, Icons Style, Button & Tags Style</strong></span><p><span style="color: #ff6600;"><strong>Features:</strong></span></p><img border="0" alt="JA Typography Plugin" src="http://asset.joomlart.com/images/stories/extensions/joomla/jaec_typo_plg.png?javer=1109070934" style="float: left;">Bonus Typography styles for your content, choose style right from your editor window. Colorful buttons, table, forms, tags, headings, lists, badges, icons, CSS3 buttons and more styles coming up...<p><strong><span style="color: #ff0000;">Important Instructions :</span><br /></strong></p>You can use may type to load from popup<p><strong><span style="color: #ff0000;">Usage Instructions :</span><br /></strong></p>Show popup for you can select typo when you click to typo button<p><strong><span style="color: #ff0000;">Upgrade Methods :</span><br /></strong></p><ol><li>Standard joomla uninstall / reinstall method. OR</li><li>Module supports upgrade method. You can install new version directly over this version. Uninstallation is not required. Backup any customized file before upgrading, your settings would be saved though.</li></ol><p><span style="color: #008000;"><strong>Links :</strong></span></p><ul><li><a target="_blank" href="http://update.joomlart.com/#products.list/plugin_16/JA%20Typo%20plugin%20For%20Joomla%201.7/">Updates &amp; Versions</a></li></ul><p>Copyright 2004 - 2011 <a href="http://www.joomlart.com/" title="Visit Joomlart.com!">JoomlArt.com</a>.</p>	
	]]></description>
	<files>
		<filename plugin="jatypo">jatypo.php</filename>
		<folder plugin="jatypo">jatypo</folder>
	</files>
	
	<languages>
		<language tag="en-GB">en-GB.plg_system_jatypo.ini</language>
	</languages>
</extension>
