<?xml version="1.0" encoding="utf-8"?>
<extension version="1.7" type="plugin" group="editors-xtd">
	<name>Editor Button - JA Typo Button</name>
	<creationDate>Jan 2012</creationDate>
	<author>JoomlArt.com</author>
	<copyright>Copyright (C), J.O.O.M Solutions Co., Ltd. All Rights Reserved.</copyright>
	<license>GNU/GPL V2 for PHP files. Read Terms of Service for details</license>
	<authorEmail>webmaster@joomlart.com</authorEmail>
	<authorUrl>www.joomlart.com</authorUrl>	
	<version>1.0.0</version>
	<description>Please install plugin jatypo along.</description>
	<files>
		<filename plugin="jatypobutton">jatypobutton.php</filename>
	</files>
</extension>
