<?xml version="1.0" encoding="utf-8"?>
<!DOCTYPE install PUBLIC "-//Joomla! 1.6//DTD template 1.0//EN" "http://www.joomla.org/xml/dtd/1.6/template-install.dtd">
<extension
	version="1.6"
	type="template"
	method="upgrade">
	<name>ja_purity_ii</name>
	<version>1.0.0 Beta</version>
	<creationDate>28 Jan 2011</creationDate>
	<author>JoomlArt.com</author>
	<authorEmail>webmaster@joomlart.com</authorEmail>
	<authorUrl>http://www.joomlart.com</authorUrl>
	<copyright>Copyright (C), J.O.O.M Solutions Co., Ltd. All Rights Reserved.</copyright>
	<license>license GNU/GPLv3 http://www.gnu.org/licenses/gpl-3.0.html</license>
	<description>JA Purity II For Joomla 1.6</description>
	<engine>t3</engine>
	<files>
		<filename>component.php</filename>
		<filename>favicon.ico</filename>
		<filename>index.html</filename>
		<filename>index.php</filename>
		<filename>info.xml</filename>
		<filename>params.ini</filename>
		<filename>template_thumbnail.png</filename>
		<folder>blocks</folder>
		<folder>core</folder>
		<folder>css</folder>
		<folder>html</folder>
		<folder>images</folder>
		<folder>info</folder>
		<folder>js</folder>
		
	</files>

	<languages>
		<language tag="en-GB">en-GB.tpl_ja_purity_ii.ini
		</language>
	</languages>
	<administration>
		<languages folder="admin">
			<language tag="en-GB">en-GB.tpl_ja_purity_ii.ini
			</language>
		</languages>
	</administration>

	<positions>
		<position>hornav</position>
		<position>breadcrumbs</position>
		<position>search</position>
		<position>banner</position>
		<position>left</position>
		<position>right</position>
		<position>top</position>
		<position>user1</position>
		<position>user2</position>
		<position>user3</position>
		<position>user4</position>
		<position>user5</position>
		<position>user6</position>
		<position>user7</position>
		<position>user8</position>
		<position>user9</position>
		<position>user10</position>
		<position>user11</position>
		<position>footer</position>
		<position>syndicate</position>
		<position>debug</position>
		<position>absolute</position>
	</positions>

	<config>
		<fields name="params" addfieldpath="/plugins/system/jat3/jat3/core/element">
		</fields>
    </config>
</extension>
