<?xml version="1.0" encoding="utf-8"?>
<extension 
	version="1.7" 
	type="plugin" 
	group="system"
	method="upgrade">
	<name>JA T3 Framework</name>
	<author>www.JoomlArt.com</author>
	<creationDate>December 2011</creationDate>
	<copyright>Copyright (C), J.O.O.M Solutions Co., Ltd. All Rights Reserved.</copyright>
	<license>license GNU/GPLv3 http://www.gnu.org/licenses/gpl-3.0.html</license>
	<authorEmail>webmaster@joomlart.com</authorEmail>
	<authorUrl>http://www.joomlart.com</authorUrl>
	<version>1.6.0</version>
	<scriptfile>install.php</scriptfile>
	<updateservers>
	    <server type="collection">http://update.joomlart.com/service/tracking/list.xml</server>
	</updateservers>
	<description>T3 Framework - JoomlArt Template Framework for Joomla 1.7</description>	
	<files>
		<folder plugin="jat3">jat3</folder>
		<filename plugin="jat3">jat3.php</filename>
        <filename plugin="jat3">index.html</filename>
	</files>	
	<languages>
		<language tag="en-GB">en-GB.plg_system_jat3.ini</language>
    </languages>		
</extension>